r2,mse,mae
-0.1388493857401245,2919883.0027700835,1504.6105263157895
