r2,mse,mae
-0.8915993505628454,794536692.6271467,22583.052631578947
