r2,mse,mae
-1.0174720048816006,0.23221573033779705,0.45697189526330106
