r2,mse,mae
-0.5956465625786955,56.166759002770085,6.515789473684211
