r2,mse,mae
-0.05155251158659602,0.02235338234593042,0.11453045742488022
