r2,mse,mae
-0.006772754943730197,0.05978493476262432,0.2220434652079491
