r2,mse,mae
-0.08517437800819327,0.026292452070902278,0.10234284865551753
