r2,mse,mae
-0.0035958672718872098,0.005341302624328015,0.05357131633671468
