r2,mse,mae
-0.09023621055529807,22170150.718005545,3348.042105263158
