r2,mse,mae
-0.4192296786618521,0.18985105209640507,0.2860511935576647
