r2,mse,mae
-0.8173233036416572,0.03230398696819124,0.1504594244567289
