r2,mse,mae
-0.034847579692277586,0.06732403010651677,0.25642522652292443
