r2,mse,mae
-0.14889095016863862,4972814967.347922,66107.37894736843
