r2,mse,mae
-0.28156450918653775,126400720513.26924,221052.55789473682
