r2,mse,mae
-3.53207840732506,21076134.416620493,4052.8631578947366
