r2,mse,mae
-0.7424992834875916,4690282415.571745,65514.11578947368
