r2,mse,mae
-0.24325097126791428,0.07601058352387294,0.24315652400203022
