r2,mse,mae
-0.010950189566649282,0.10451055998988175,0.2452949228690265
