r2,mse,mae
-0.009446225819516041,0.12618113536224038,0.3232490063578296
