r2,mse,mae
-0.2520346895435228,263777209.3218836,8273.052631578947
