r2,mse,mae
-0.09734756314090864,531463353.2936287,19110.473684210527
