r2,mse,mae
-0.07522425131191635,0.01757495722121572,0.09856921837719793
