r2,mse,mae
-0.27639905066295123,0.06860889538147823,0.23135248682514184
