r2,mse,mae
-0.3899266292840735,137088477515.34793,238730.26315789475
