r2,mse,mae
-0.07782709720331815,7700663.7418282535,2357.936842105263
