r2,mse,mae
-0.022622345337026672,0.24542936288088643,0.4947368421052632
