r2,mse,mae
-0.040997331892406175,0.018504337767521983,0.12806772600164146
