r2,mse,mae
-1.2174981360817192,21393369.503601115,4321.852631578948
