r2,mse,mae
-0.22837732260159904,0.011529650581694511,0.08009775888204856
