r2,mse,mae
-1.2678011189573373,0.09946648561895328,0.2615987410509267
