r2,mse,mae
-0.036709642996073155,0.0771383578239657,0.23185150043720118
