r2,mse,mae
-0.010452469875561476,0.14804686660230765,0.3535129690254344
