,feature,importances,std_dev
0,Fructose,0.8803055929083825,0.533097797387217
1,Ribitol/Xylitol,-0.03258351266000442,0.03269784779973399
2,Sucrose,0.01996260630477472,0.013924308333609237
