r2,mse,mae
-0.13720668100148825,0.010673915441019739,0.07801530023732604
