r2,mse,mae
-2.659652308085798,0.03792452304684005,0.166017008326443
