r2,mse,mae
-0.36107833051671867,1508682.5933518,1035.1684210526314
