r2,mse,mae
-0.1971792350200645,46275330164.604996,194436.18947368424
