r2,mse,mae
-0.04522279697917897,0.01920142545678358,0.1302675986094583
