r2,mse,mae
-1.5301181586863413,24409379.09972298,4570.78947368421
