r2,mse,mae
-0.6585715358112105,4464374237.109142,63952.69473684211
