r2,mse,mae
-0.6022515015719978,0.18802396222275441,0.265846044132848
