r2,mse,mae
-0.34078365561815716,21377807482.272026,131035.14736842105
