r2,mse,mae
-0.15801500855403194,23548444.845983386,3435.631578947369
