r2,mse,mae
-0.16269780890452257,1684664154.2166202,33892.34736842105
