r2,mse,mae
-0.5721127731108053,0.002268503495189263,0.031568007565152115
