r2,mse,mae
-0.20983719076760998,306515556.87867033,8451.936842105262
