r2,mse,mae
-0.018261134716662797,16235423525.219387,98087.08421052631
