r2,mse,mae
-0.004692858887203055,0.06002913338767244,0.2233944305986549
