r2,mse,mae
-0.033504717938643847,0.053987233503632256,0.19247991719358254
