r2,mse,mae
-0.3419215368104198,0.1623048053217841,0.23808308499452063
