r2,mse,mae
-0.18465156682642658,14872955.450969527,3373.547368421052
