r2,mse,mae
-0.06135640384685015,126589220.32853183,7192.242105263157
