r2,mse,mae
-0.47276084949215114,0.3534626038781163,0.5473684210526316
