r2,mse,mae
-0.26005404231415685,3230638.2448753463,1548.5894736842106
