r2,mse,mae
-0.3522099042894946,0.16108325592784223,0.20985199480367345
