r2,mse,mae
-0.07323211903151772,0.02295618760493997,0.12951015967730167
