r2,mse,mae
-1.2460249069933607,0.11442919917696041,0.3047588024769663
