r2,mse,mae
-0.0002859403698542984,1192534175.2271466,30707.547368421052
