r2,mse,mae
-0.004840132805011832,59794370.00332411,6153.894736842105
