r2,mse,mae
-0.856497692920942,1823998984.4952912,40066.73684210527
