r2,mse,mae
-0.3527427175029485,0.15874414557473346,0.2199918780763678
