r2,mse,mae
-1.3514473203472233,9911538686624.316,2508354.6631578943
