r2,mse,mae
-0.3280727576439961,0.17765694594057385,0.28058671268334767
