r2,mse,mae
-0.4570678837232587,0.06447267470502248,0.2015037593984962
