r2,mse,mae
-0.8903679011482932,0.07587579972205108,0.21168508459761498
