r2,mse,mae
-0.24250912627604349,0.14806546377347257,0.185676503388424
