r2,mse,mae
-1.9161958471386513,2179644156.635457,37844.642105263156
