r2,mse,mae
-0.024223021296393865,0.12558078993227442,0.3114880152057584
