r2,mse,mae
-16.621538255770105,0.349435539247145,0.5741128064460828
