r2,mse,mae
-0.05280778037831646,0.036733876170929144,0.18674250989420052
