r2,mse,mae
-0.37890011650611255,0.16677734787658283,0.24451170425171836
