r2,mse,mae
-0.3205035071071425,0.1387416520350051,0.23505712878620058
