r2,mse,mae
-0.10922904768243646,4801143929.0409975,65378.87368421053
