r2,mse,mae
-0.4788822347726249,0.1714007986935547,0.3952363717240816
