r2,mse,mae
-14.728139041168518,117581.05096952924,331.82105263157916
