r2,mse,mae
-0.6198001384848617,784495671.3628811,21202.336842105266
