,feature,importances,std_dev
0,Glutathione reduced,0.43982979099497294,0.44717440175215883
1,Vanillic acid,0.1983108018720357,0.13226776342178145
