r2,mse,mae
-0.035083995867637885,942129679.2880886,28127.231578947372
