r2,mse,mae
-0.8467683617757442,0.17300490903145038,0.28721600605262404
