r2,mse,mae
-0.16166795039435478,0.02054597038091622,0.09586466165413535
