r2,mse,mae
-0.5178482414482968,0.08272056466789016,0.26957467625628545
