r2,mse,mae
-0.001159683347867313,59575359.88476454,5994.021052631579
