r2,mse,mae
-0.005874620450478263,85695648.66592798,8111.010526315789
