r2,mse,mae
-0.15941418117724204,0.021299195767403505,0.11367977219836252
