r2,mse,mae
-0.08104918323060328,396074501089.01385,514634.50526315795
