r2,mse,mae
-0.008976224415477407,0.03238778413183263,0.1523824646951893
