r2,mse,mae
-0.36453940403722473,0.020449292116367004,0.10094858792416703
