,feature,importances,std_dev
0,Alanine,0.24518421675962515,0.1505402111482322
1,Arginine,0.1485073550548349,0.06467004050290245
2,Lysine,-0.0019173944725293878,0.042736525760871405
