r2,mse,mae
-0.005913502968470041,0.12573954375600777,0.3218141155166076
