r2,mse,mae
-1.144636835376315,2.0699561495048637e+17,396999647.27368426
