r2,mse,mae
-0.25361727069328266,0.14933831723171323,0.19683314435325006
