r2,mse,mae
-0.0004868990345185953,1034903.0880886426,937.8315789473684
