r2,mse,mae
-0.03796617036101613,0.0014977487147394488,0.03282645578187143
