r2,mse,mae
-1.039744825131557,0.14041903501975042,0.29537409042096974
