r2,mse,mae
-0.4056719529780006,0.08801431474632053,0.1752587371657289
