r2,mse,mae
-1.4667913713754057,1152129974.7944598,26173.915789473678
