r2,mse,mae
-0.025101889467892713,0.01813057944077625,0.0908879341210169
