r2,mse,mae
-0.5613715775722541,0.1797175080186046,0.40415797828513467
