,feature,importances,std_dev
0,Alanine,0.07524537163218878,0.04706212225427271
1,Arginine,0.11181356016378619,0.07109172129968618
2,Lysine,-0.09227660758634502,0.08504807683837541
