r2,mse,mae
-0.5318542726354762,0.049210053807029516,0.18626543027092843
