r2,mse,mae
-0.16438546794646536,0.020594034059626072,0.09595417114214108
