r2,mse,mae
-0.6244050060640502,0.15217395214314894,0.26334110883245226
