r2,mse,mae
-0.3597826549554495,0.059640504082744815,0.1976407799671192
