r2,mse,mae
-0.34812763872255226,132965842653.16899,232244.86315789478
