r2,mse,mae
-0.3211725909911616,0.0750391526134517,0.1870739071056971
