r2,mse,mae
-3.7374339456107633,0.15665237301418855,0.35154722016434137
