r2,mse,mae
-0.7008824457723619,0.19577553413780688,0.42205905640768204
