r2,mse,mae
-1.0279501650870033,0.008593852544104804,0.06600112525835758
