r2,mse,mae
-0.20964373183919616,254846331.7534625,8144.852631578947
