r2,mse,mae
-0.040782116451093975,0.054367383304568105,0.198098152606827
