,feature,importances,std_dev
0,Fructose,0.8098856178916651,0.4760427485434947
1,Ribitol/Xylitol,0.003108748641727288,0.03925553425219832
2,Sucrose,-0.02191325020503517,0.014486163162850695
