r2,mse,mae
-0.3074366201944272,0.006958393192242137,0.07491978314085983
