r2,mse,mae
-0.6707660667673265,0.06706139656065391,0.2041855528500968
