r2,mse,mae
-0.0009484097397660651,0.059439069127758724,0.2275552964936974
