r2,mse,mae
-1.080184080713475,1554786205.7008314,31099.55789473685
