r2,mse,mae
-2.797439623751085,0.09378101042438766,0.26284055528671046
