r2,mse,mae
-0.1055282501919399,343594256.1534625,13237.54736842105
