r2,mse,mae
-3.3984968920766514,0.14544476688223423,0.3352280445805833
