r2,mse,mae
-0.6849285510836691,4806108.665927978,1724.1894736842107
