r2,mse,mae
-1.414134703964688,0.12299396147382273,0.31463417988532183
