r2,mse,mae
-0.002544204254181004,0.02429042370839583,0.1219628558869024
