,feature,importances,std_dev
0,benzoic acid,-0.005679066901709229,0.01118868520947748
1,Caffeic acid,0.009675780631935893,0.007344879685728404
2,Citric acid,1.0462583291672156,0.5255424559832187
3,lactic acid,0.0007461414770285168,0.00993892684212877
