r2,mse,mae
-0.07748960227738455,1734997770.3479226,33410.82105263158
