r2,mse,mae
-0.3427977839335181,0.0295415512465374,0.1573684210526316
