r2,mse,mae
-0.034188899747077395,0.06322882793609946,0.19741761806484193
