r2,mse,mae
-0.7222618021163778,4493624008.083101,63933.17894736842
