r2,mse,mae
-0.3324886678418537,0.02931475069252078,0.15710526315789475
