r2,mse,mae
-0.03772994302626387,6345.760110803324,67.27368421052631
