r2,mse,mae
-0.0073267572664439395,0.032334836812894174,0.15205472189921376
