r2,mse,mae
-0.2357793967607047,17334761366477.988,3608253.3473684215
