r2,mse,mae
-1.072846313296989,644233276.7290859,18260.252631578947
