r2,mse,mae
-0.3671002912530714,0.07097437663853269,0.2359610275685334
