r2,mse,mae
-0.3553089628571018,0.043538623861787015,0.17194053957277186
