r2,mse,mae
-0.6806377486779149,59.15844875346261,6.578947368421052
