r2,mse,mae
-0.3063330183639219,0.15561812944616302,0.2015686598433593
