r2,mse,mae
-0.24336464890422227,1377010336790.2236,706854.6105263158
