r2,mse,mae
-0.6470058707675628,85367318046.65485,252217.87368421056
