r2,mse,mae
-1.214238666772482,0.022945880723062577,0.12651275119335428
