,feature,importances,std_dev
0,Alanine,-0.007812182591128136,0.007079460197396216
1,Arginine,0.7996864984045253,0.4331047712382318
2,Lysine,0.033047191155977804,0.03506357928548109
