r2,mse,mae
-0.02854770704592391,122676088.66703603,7364.231578947368
