r2,mse,mae
-0.006629992478855096,0.02153158347232178,0.12497757076687965
