r2,mse,mae
-0.8996062721241191,0.22016224455858682,0.44762233018963055
