r2,mse,mae
-0.30728892807072383,0.05733811235773083,0.19573571826367114
