r2,mse,mae
-0.016733433000970077,0.0603764272170232,0.2197498450177596
