r2,mse,mae
-0.9197443511863845,2489258301579.361,1092060.8736842102
