r2,mse,mae
-0.2873509519329416,0.080605799690573,0.17021052368775522
