r2,mse,mae
-0.3470098351834958,96275025504.89032,183715.04210526316
