r2,mse,mae
-0.5863155147980961,0.02019768057973503,0.13733044907205386
