r2,mse,mae
-18.045520464845577,142381.26371191113,367.29473684210495
