r2,mse,mae
-0.9361644131514701,0.014227401985138582,0.11228912652553724
