r2,mse,mae
-0.8274455820180167,2025625.7689750686,1135.336842105263
