r2,mse,mae
-0.16069964415645033,0.05048093458790566,0.2071331176099477
