r2,mse,mae
-0.19437649038707172,0.07302246777167647,0.23539398061904643
