r2,mse,mae
-0.040158427039270084,26627.806094182823,157.45263157894738
