r2,mse,mae
-0.2833039536640647,0.028232686980609423,0.15578947368421053
