r2,mse,mae
-0.15858791046624643,0.024781928305946905,0.13324300808394307
