r2,mse,mae
-0.05913357171091849,0.10949168794462563,0.24213948509152172
