r2,mse,mae
-0.2909822886642395,0.041472161565205834,0.16584838079170106
