r2,mse,mae
-1.7681867725975664,5671445463.069252,62641.15789473684
