r2,mse,mae
-0.600584919687789,76868166470.16676,169832.62105263158
