r2,mse,mae
-0.03699153841682068,0.05574028273819596,0.2111077341505892
