r2,mse,mae
-0.08523419720657066,15223004918700.719,3173147.463157895
