r2,mse,mae
-0.0029996450500342497,0.03499600349411768,0.18020364497460967
