r2,mse,mae
-0.336004277271684,0.021837507842445047,0.10595785899298849
