r2,mse,mae
-0.5378118211199006,1994021151630.8992,968516.0631578946
