r2,mse,mae
-2.4244357082850163,0.03548700259156762,0.15850591975819017
