r2,mse,mae
-0.048474404135494975,1767987960.2969527,36402.44210526316
