r2,mse,mae
-0.08767862744932353,508006945.44709146,16567.663157894734
