r2,mse,mae
-0.07034775894758294,0.03648514586699424,0.15859829862917166
