r2,mse,mae
-0.7519881252998029,0.010186062929071505,0.07442628003845597
