r2,mse,mae
-0.42298963714966376,0.17210995553544128,0.2517791319810502
