r2,mse,mae
-0.018788109540706754,0.021656892918918834,0.12514820674782282
