r2,mse,mae
-0.07783731400556104,0.05793582146308587,0.21512613654355056
