,feature,importances,std_dev
0,Alanine,0.30621018427407865,0.20744318742820644
1,Arginine,-0.02046507921254821,0.03305917282537687
2,Lysine,0.16362893781459437,0.10942507398554346
