r2,mse,mae
-0.0004131312954807065,0.02423879040893564,0.11535379025083306
