r2,mse,mae
-0.016008662492870807,315771886.04099727,12538.273684210526
