r2,mse,mae
-0.5777594214292241,4500418.265927978,1701.3894736842108
