r2,mse,mae
-0.03020615680218297,122873893.91024928,7353.663157894737
