r2,mse,mae
-0.04420949421177345,0.018468528233273072,0.09076262083780882
