r2,mse,mae
-2.092404568991396,0.0044622311409728554,0.054947850514078043
