r2,mse,mae
-0.4060469971932952,0.08797249534086024,0.17555446035632621
