r2,mse,mae
-0.22842753137541605,1978041387.5601108,31809.157894736843
