,feature,importances,std_dev
0,benzoic acid,0.0047507475673504666,0.01998442418326542
1,Caffeic acid,0.05362450167073999,0.03710487645524837
2,lactic acid,0.01244061186926958,0.027536448607368962
3,malic acid,0.7678724394691705,0.418906359011897
