r2,mse,mae
-0.5397084958888163,0.008194582399135241,0.08280655518844053
