r2,mse,mae
-9.395205780604599e-05,89664524.33518004,9184.115789473686
