r2,mse,mae
-0.1160937173605947,0.1635249381993261,0.33525560312263913
