r2,mse,mae
-1.719432391666036,2.6247361368779725e+17,441996475.168421
