r2,mse,mae
-0.005818248470547571,0.04411551150163207,0.18281346566095208
