r2,mse,mae
-0.6841943059100102,0.007137116961644178,0.056961005619489725
