r2,mse,mae
-0.7702346732123573,0.08994119106216106,0.2589618044768535
