r2,mse,mae
-0.05727712920396022,0.02561653574633735,0.10276983042252592
