r2,mse,mae
-0.36298269218092893,0.015344077270759107,0.10750839176246454
