r2,mse,mae
-0.11470765800375493,0.07251948344868861,0.22962527132420388
