r2,mse,mae
-0.05504243658495822,960295779.2637119,25581.42105263158
