r2,mse,mae
-1.5809896628411826,1405295946.0559561,31175.48421052632
