r2,mse,mae
-0.7009260662988255,0.19713543068365316,0.4248954593365483
