r2,mse,mae
-0.2519377615829197,0.13153763875079763,0.22257195189376713
