r2,mse,mae
-1.1146790876667088,0.09197123238242864,0.24329859694109812
