r2,mse,mae
-0.03845256419815701,685524613.6481996,20601.357894736848
