r2,mse,mae
-0.01254392284415573,0.061905485052985564,0.1909293633555176
