r2,mse,mae
-0.18776484038151597,106490364.44598347,8345.16842105263
