r2,mse,mae
-0.2046871065222866,42.40498614958449,6.136842105263158
