r2,mse,mae
-0.009760620049874769,0.12380754354443543,0.2995458791638993
