r2,mse,mae
-0.026568439116268383,0.04560247199625931,0.16481139602517259
