r2,mse,mae
-25.801434192681246,200363.23379501415,439.18947368421084
