r2,mse,mae
-0.3685862355432017,1494737919856.9568,727181.6736842105
