r2,mse,mae
-0.00799384658358604,0.14768664038149665,0.35449508939813645
