r2,mse,mae
-0.053963493970755616,0.13174580963103405,0.332802650699312
