r2,mse,mae
-0.623054191197451,0.05213980566384955,0.1927236740181224
