r2,mse,mae
-0.15397448529744429,0.13355182896941245,0.20599481448711726
