r2,mse,mae
-0.6179272410605166,0.07187195601489835,0.24360644441527768
