r2,mse,mae
-0.12308466738700297,415019084.296953,14259.557894736843
