,feature,importances,std_dev
0,Alanine,-0.005664475782603706,0.004547886615276331
1,Citrulline,0.8626037413919676,0.4707415042441359
2,Lysine,0.01116516905245286,0.01638212778254499
