r2,mse,mae
-0.002278195849279907,85389250.69861495,8057.631578947368
