r2,mse,mae
-0.3622490128505784,0.18222872040755272,0.2827149841817659
