r2,mse,mae
-0.15959452342933345,0.01476447753788549,0.11253632405232514
