r2,mse,mae
-0.33656509695290837,0.3207756232686981,0.5368421052631579
