r2,mse,mae
-0.24896645447576837,0.026715104526591656,0.13618953820504914
