r2,mse,mae
-0.35373535467637485,0.08469949967515428,0.17343023742783026
