r2,mse,mae
-0.7416268090086371,4544150042.963988,64280.04210526314
