r2,mse,mae
-0.007378915529611563,12647348.935734073,2705.273684210526
