r2,mse,mae
-0.23427838366787013,294387142414.0365,522634.33684210526
