r2,mse,mae
-0.2728675558578184,0.1473115673582856,0.23252412593202093
