r2,mse,mae
-0.20547056467099956,305409260.22991693,8465.715789473685
