r2,mse,mae
-0.11159806823538565,0.01043355089533621,0.07731094572437479
