r2,mse,mae
-0.42719296012923524,0.030338560906534272,0.16252246173294288
