r2,mse,mae
-0.003237482531702307,686094194.66205,22039.673684210527
