r2,mse,mae
-0.38931481399372236,0.020820581940614064,0.1014426675219469
