r2,mse,mae
-0.27310733554780464,1243622765042.1716,675679.1157894738
