r2,mse,mae
-0.007405467738087479,0.1041441118036757,0.257557782418701
