r2,mse,mae
-0.18206258221227611,0.021715261686982002,0.13606949250467287
