r2,mse,mae
-0.0562590402101657,1530442157.0088644,32627.315789473687
