r2,mse,mae
-0.0011882575086672453,1612135644.5617728,35368.23157894737
