r2,mse,mae
-0.18741658872162548,0.021107025883073713,0.13421237114488854
