r2,mse,mae
-0.21703120247190522,1450936419.968975,33328.778947368424
