r2,mse,mae
-1.9389876528716568,0.09718328431962744,0.283492479018729
