r2,mse,mae
-0.026008236920904926,0.12680671639272442,0.3143849946331435
