r2,mse,mae
-0.3831521846341228,5830097178390.414,2054824.1684210524
