r2,mse,mae
-0.3219902837757527,0.06863244555904499,0.23070503649946827
