r2,mse,mae
-0.0037604273529008303,0.06530159470531072,0.2437742525913144
