r2,mse,mae
-0.33992787805589963,0.06807838029239911,0.24568107524858465
