r2,mse,mae
-1.6699150734202894,1453714008.6260386,31663.789473684206
