r2,mse,mae
-0.4884620340228192,0.05974405676206653,0.19937316601111318
