r2,mse,mae
-0.06198444406533388,7587474.024376732,2341.8947368421054
