r2,mse,mae
-0.038378498339384004,0.052757411391398626,0.22822889723405054
