r2,mse,mae
-0.24821167495557384,0.06480215541590509,0.22124010252105214
