r2,mse,mae
-0.011685586481459564,0.02110767250912869,0.12980334174840027
