r2,mse,mae
-1.0333612678935196,0.08843457278106828,0.23838858701182414
