r2,mse,mae
-0.3175413617288936,0.15248175834354702,0.2409216459293253
