r2,mse,mae
-0.6589967497665494,79673397372.37785,177899.83157894743
