r2,mse,mae
-0.3551571451118909,0.07284229390969348,0.22982310067174816
