r2,mse,mae
-1.2018149382196497,2163271318.177839,43278.978947368414
