r2,mse,mae
-0.25784065329996153,0.0018150198682985925,0.027488388047801376
