r2,mse,mae
-1.9101660399605884,0.3080878867412615,0.4767317040229388
