r2,mse,mae
-0.05199511445562255,314999406.45540166,15715.01052631579
