r2,mse,mae
-0.34090674002352084,1485036946571.8198,725913.5263157894
