r2,mse,mae
-0.14175501097733845,0.020193777946477354,0.0951843895452918
