r2,mse,mae
-0.08734422223754401,0.03490336946960949,0.15957759577001224
