r2,mse,mae
-1.6146520622596747,0.27680297871807125,0.4549843244477835
