r2,mse,mae
-0.07945048483381112,522795505.867036,19423.43157894737
