r2,mse,mae
-0.3375281329354942,0.07596810467952185,0.18775316317348958
