r2,mse,mae
-0.7382465136732146,1299212760.362881,28145.189473684208
