r2,mse,mae
-0.0598125492694237,0.047079249914353985,0.17512641526377964
