r2,mse,mae
-0.13342566943674972,0.27202216066482,0.5157894736842106
