r2,mse,mae
-0.4230560293301273,0.026142468712872114,0.11799112408664347
