r2,mse,mae
-0.44857052966223154,1582065309424.4062,750165.3578947369
