r2,mse,mae
-0.2638425626628915,65507264984.709145,223057.36842105264
