r2,mse,mae
-0.2591399314477154,0.14999620930371102,0.19720960269127663
