r2,mse,mae
-0.3615149617764617,0.08518616393694432,0.17375555909231646
