r2,mse,mae
-0.16649166731166298,0.04002103005226583,0.17497499907403977
