r2,mse,mae
-0.16163577089063952,0.09548074420310715,0.2186862349465118
