r2,mse,mae
-0.46658587257617756,0.0322648891966759,0.16026315789473683
