r2,mse,mae
-1.9945847902100464,0.031032510832003073,0.14546998377327497
