r2,mse,mae
-0.32467629721774127,1468332.8847645433,1028.621052631579
