r2,mse,mae
-0.025925409339640604,0.05514545709041767,0.21444067638477365
