r2,mse,mae
-0.27708625556228883,0.11137824298128714,0.2865829272554311
