r2,mse,mae
-0.01490713278562894,0.011425540146213428,0.09731437680633499
