r2,mse,mae
-0.01689402280973873,0.12468217566543083,0.30609688271154967
