r2,mse,mae
-0.13354642580512177,15900699461945.145,3338295.8526315787
