r2,mse,mae
-0.016263398675863128,18383501871.10859,120115.50526315789
