r2,mse,mae
-0.2886107547018082,0.08062475263416202,0.17055203392542556
