r2,mse,mae
-0.5378413857366449,0.0781338700404304,0.2524587096811964
