r2,mse,mae
-0.2857199755787969,0.08044388471042138,0.17041709924731913
