r2,mse,mae
-2.174737543564322,30628360.9628809,5013.81052631579
