r2,mse,mae
-0.021254769900586945,0.14962957011235006,0.3725006295643415
