r2,mse,mae
-0.09033255673418061,0.012274658436479078,0.10110136212237068
