,feature,importances,std_dev
0,Alanine,0.10770267379879879,0.10161255732574631
1,Arginine,0.0071665991382237615,0.016209242473992504
2,Lysine,0.09263066659606094,0.043057507548183
