r2,mse,mae
-16.3693670362482,0.3444349777299123,0.569741128064461
