r2,mse,mae
-0.06839195492014039,254821650244.27753,500901.2315789474
