r2,mse,mae
-0.09615167875936215,0.004645166363260583,0.060830728298692946
