r2,mse,mae
-0.21595078930862277,0.1407244734766467,0.22075431966049242
