r2,mse,mae
-0.027815319925025284,0.06283915639543211,0.19472891657841915
