r2,mse,mae
-4.090070804604488,0.05274777254461106,0.20587592513801428
