r2,mse,mae
-0.010945588932740113,0.004284088174833639,0.046013116353463265
