r2,mse,mae
-0.03211420233485396,0.061289779596405594,0.21732046428390409
