r2,mse,mae
-0.4711507190755735,0.05904921325299898,0.19887244802397452
