r2,mse,mae
-0.36408850765923817,0.04680035759260583,0.1822123041594133
