r2,mse,mae
-0.384607398510584,0.08663099279051034,0.17470137164651472
