r2,mse,mae
-0.0017142673482777315,0.05985116629333519,0.22876752284294163
