r2,mse,mae
-0.012647983393035744,0.03451832273871451,0.15669558214063994
