r2,mse,mae
-0.9577270316426338,0.03199980728667147,0.13656312884507188
