r2,mse,mae
-0.4502833660907002,0.008431950775612474,0.07143514650054153
