r2,mse,mae
-0.3121228845152988,93781545518.59833,180114.31578947368
