r2,mse,mae
-1.1649405979305665,0.032444283082393624,0.13212895160189536
