r2,mse,mae
-0.00034910299583224,25608.696952908587,150.44210526315788
