r2,mse,mae
-0.945232453359143,0.08607309281335915,0.22556390977443605
