r2,mse,mae
-0.26966081728607083,1386693888676.1567,708825.1263157895
