r2,mse,mae
-0.21969343039126077,2247802669.9074793,39387.357894736844
