r2,mse,mae
-0.17276411741147424,124.59445983379503,9.336842105263159
