r2,mse,mae
-0.07418531904131176,15739072.861495843,3277.315789473684
