,feature,importances,std_dev
0,Alanine,0.09421988537781471,0.06996328111402822
1,Arginine,0.32014791261206516,0.12338723223925593
2,Lysine,0.09029826070478678,0.07377610553345386
