r2,mse,mae
-0.002554487626187596,4339417906.388365,60365.12631578947
