r2,mse,mae
-0.005680229223613775,0.12429433119527673,0.3204249822620845
