r2,mse,mae
-0.3100651421291347,312463005648.33746,529746.2210526315
