r2,mse,mae
-1.3047829745934254,0.1256073854349173,0.3287756772393938
