r2,mse,mae
-18.6872421796316,0.39039849912512975,0.6087433567632438
