r2,mse,mae
-0.16096900502461864,294134668.54016626,8888.915789473684
