r2,mse,mae
-0.0016052131947577042,0.07452634578615502,0.24011839493504952
