r2,mse,mae
-0.5724480105354495,0.08931094017835062,0.1961245211440473
