r2,mse,mae
-0.646087313377772,79053421079.2349,176148.72631578945
