r2,mse,mae
-0.04246819355701725,88813243.96121886,7589.094736842104
