r2,mse,mae
-0.5862079914808851,0.033094430980266716,0.1566641727116081
