r2,mse,mae
-0.07081164455930233,1805654089.274238,40277.221052631576
