r2,mse,mae
-0.000396100609010519,11653130.224376734,2758.115789473684
