r2,mse,mae
-0.12743178947146472,0.03621818342301856,0.15497936957706454
