r2,mse,mae
-0.016641164818627097,14895930.044321334,3167.5578947368426
