r2,mse,mae
-0.015121760786341643,0.05532268837284117,0.1934454735462304
