r2,mse,mae
-0.021119744736483703,0.06101061913534933,0.2338479998621512
