r2,mse,mae
-0.11897178026812183,0.11567767489991305,0.24868245555536056
