r2,mse,mae
-0.3641883837948716,499810963168.4759,583353.5263157894
