r2,mse,mae
-0.6412290032365942,0.03424238199664873,0.15970836286598644
