r2,mse,mae
-1.0710679968166898,0.21925586158147628,0.4089576241000111
