r2,mse,mae
-0.6509648689967618,0.11365485079295731,0.261865214101493
