r2,mse,mae
-0.015831814008411937,1712944455.0764546,37058.389473684205
