r2,mse,mae
-0.00023164377525541902,2049268956.2216065,41507.97894736842
