r2,mse,mae
-0.10458735838174182,0.03789716215207003,0.17183969776658392
