r2,mse,mae
-0.3504626925246639,0.16333785425750535,0.23959765620560383
