,feature,importances,std_dev
0,Alanine,0.14245694596302957,0.13057197204023696
1,Arginine,0.2184157903995047,0.09960369965962183
2,Lysine,-0.02931620692641055,0.04605051597465832
