r2,mse,mae
-1.2550989970964186,0.09978413888026802,0.24425349087003217
