r2,mse,mae
-0.9779493811265105,0.011499802182292188,0.07917812499017111
