r2,mse,mae
-0.23868818205357134,1210000743046.2878,655493.3157894738
