r2,mse,mae
-0.06041638135072569,433911.60941828246,578.978947368421
