r2,mse,mae
-0.2794043112833955,0.0162899494902355,0.12127637845716772
