r2,mse,mae
-0.02662615479729946,11958671.436565097,2383.21052631579
