r2,mse,mae
-0.30193762203510244,3396938925.437673,54727.442105263166
