r2,mse,mae
-0.48737418884214145,6269401269010.128,2087315.589473684
