r2,mse,mae
-0.038621924347229886,0.036238912618667685,0.18549941424514887
