r2,mse,mae
-0.24192194190373728,0.14373016812043013,0.2262961952494876
