r2,mse,mae
-0.1892186818343098,0.06481072230322113,0.22970751348834134
