r2,mse,mae
-0.44997680717798194,0.17015455073639835,0.2330611984312972
