r2,mse,mae
-0.12938101893104692,0.09282956231084562,0.21625826917092464
