r2,mse,mae
-0.35540909072559157,0.028279073642269382,0.14390280080079934
