r2,mse,mae
-0.015458504147334962,1050389.7080332409,967.6105263157895
