r2,mse,mae
-0.04652948068207019,0.0625288188666708,0.2372887037678125
