r2,mse,mae
-0.4836461808736936,6646.497506925208,52.98947368421052
