r2,mse,mae
-0.18054529167310873,1307438707635.4167,700194.347368421
