r2,mse,mae
-0.6882859644065364,0.04169366186550725,0.16390400707437253
