r2,mse,mae
-1.6626878600259012,0.06575734776562903,0.203967216488618
