r2,mse,mae
-0.4367192971573286,0.19219064696399668,0.2870290480299108
