r2,mse,mae
-0.5154981981616564,0.08607633957343004,0.19428367847502118
