r2,mse,mae
-0.00021370867061332177,0.05680952635771323,0.1821237551050237
