r2,mse,mae
-0.6439848423073891,0.06598644875700196,0.20352375600924016
