r2,mse,mae
-0.0027979239559219327,0.034988965174464,0.1801336498265461
