r2,mse,mae
-0.8505632787859978,0.19591189025416544,0.3869630325401302
