r2,mse,mae
-0.16668605327790642,0.09589585256396829,0.21904360366871786
