r2,mse,mae
-0.3882569411115695,0.1857078137618099,0.284268047167098
