r2,mse,mae
-0.5393373819846106,0.14420483329207984,0.2577736800281828
