r2,mse,mae
-0.17297322175000862,1145807710490.8765,612407.0315789473
