r2,mse,mae
-0.20823488322374528,254549517.1689751,8144.421052631578
