r2,mse,mae
-0.3680805464614034,0.0856605778890835,0.17374599310816796
