r2,mse,mae
-0.19221793046582425,0.07756206558271882,0.22453720703720345
