r2,mse,mae
-0.18242836915588945,61287418854.23655,219116.93684210526
