r2,mse,mae
-0.5354037722695808,0.023009903680917054,0.10408107253626345
