r2,mse,mae
-0.16153249080784593,0.08642603983229002,0.2203777961912694
