r2,mse,mae
-0.0003726932476151301,0.0519353472190258,0.18075005225270058
