r2,mse,mae
-0.015786190115284038,18374869498.361774,126925.63157894737
