r2,mse,mae
-0.3813073361459156,0.08642460275933946,0.17456806552984888
