r2,mse,mae
-20.896156388158776,0.4342013224884435,0.6437167838162182
