r2,mse,mae
-0.26374097637421956,0.026863979610956445,0.1502715547841856
