avg_nano_content,avg_Sucrose_weight,soil_type,log_of_diff_length,normalized_value
2.625,5690070.4094652925,soil_alone,14.589152284229343,1.0
9.15,8675555.839209985,soil_nanoplatic,13.762266076141284,0.9433218468092961
0.995,7173325.961339762,soil_biochar,15.790892518718493,1.0823721770173182
4.6575,7465448.944604337,soil_biochar_nanoplastic,14.28731730358709,0.9793109993807843
1.0875,5992659.599734712,soil_Fe-biochar,15.52216439420266,1.0639524553446391
3.5875000000000004,6820905.24278203,soil_Fe-biochar_nanoplastic,14.458047173471341,0.9910135209912282
