r2,mse,mae
-0.4035368777896815,2586612227.793351,40983.50526315789
