r2,mse,mae
-0.03265307807432283,4793037.947922437,2001.221052631579
