r2,mse,mae
-0.7713164113437139,0.060771893462242876,0.19625356494684984
