r2,mse,mae
-0.00013116307222382773,0.011259196419082088,0.09496649775139647
