r2,mse,mae
-0.022164927363362175,699038298.3711911,22699.78947368421
