r2,mse,mae
-0.3424883642782022,0.08399580640431979,0.17295340627682687
