r2,mse,mae
-0.42741556658285895,6394.593351800555,52.431578947368415
