r2,mse,mae
-0.23395242547369732,0.1469957243508008,0.1954582203833167
