r2,mse,mae
-0.0030568369902774783,0.12397010011900593,0.3218367384066803
