r2,mse,mae
-0.8144044321329633,0.4354570637119113,0.5684210526315789
