r2,mse,mae
-0.025596984632493047,1222709832.0825486,31216.515789473684
