r2,mse,mae
-1.5937739440781438,0.01905967505151699,0.12745632918195468
