r2,mse,mae
-0.39915554680338583,0.13107262562307356,0.26002840381906467
