r2,mse,mae
-0.004620028441839841,0.125577858982557,0.32118277341504514
