r2,mse,mae
-2.4876667474324834,0.08613090503192034,0.24786095317931575
