r2,mse,mae
-0.7241335443429218,0.07658987815892168,0.25181074322503993
