r2,mse,mae
-0.29202390201555284,0.11268099665903905,0.2874099671901998
