r2,mse,mae
-2.716431842045222,0.18934265517575036,0.3767943228556909
