r2,mse,mae
-0.3377727172218332,0.08370076133148535,0.17275115343916303
