r2,mse,mae
-1.1941279074772941,0.016122979812277064,0.11872884728794997
