r2,mse,mae
-0.8021653789673928,0.07974262801395077,0.21589688506981738
