r2,mse,mae
-0.3339143571422327,0.08345927169033804,0.17258453459679846
