r2,mse,mae
-0.09926910846696746,0.09587031520494282,0.27410161331029537
