r2,mse,mae
-0.4309367917401159,0.031480609418282554,0.15947368421052632
