r2,mse,mae
-0.7338409616212229,0.200950230276564,0.428864689085637
