r2,mse,mae
-1.7256412266204695,20043995998.226036,129634.61052631578
