r2,mse,mae
-0.05553403926699918,0.09205605822508614,0.2694111708633443
