r2,mse,mae
-0.0016440822489844908,0.04449527617496214,0.16157010520789442
