r2,mse,mae
-0.02881844822976909,0.12614423884171103,0.24312366018154036
