r2,mse,mae
-0.7655955952001388,68246689146.49973,245270.58947368423
