r2,mse,mae
-0.1850920260033,0.025192099187129897,0.14298152395493385
