r2,mse,mae
-0.0005696768108482964,0.03211793689210165,0.14813231197150542
