r2,mse,mae
-7.443504383001612,4597314995.394461,63661.88421052632
