r2,mse,mae
-0.09281014349669192,5082042.146260387,1648.1263157894737
