r2,mse,mae
-0.1149403487696723,0.1328635390511109,0.2056595869512859
