r2,mse,mae
-0.7357311146592205,0.11949028386846561,0.2698819353033344
