r2,mse,mae
-0.2988735147137658,1418599314474.2998,714553.0631578948
