r2,mse,mae
-0.47125253897248776,0.0747506574754229,0.25034448386740166
