r2,mse,mae
-0.4922414728164737,158.5357340720222,9.926315789473685
