r2,mse,mae
-0.0663746527332838,0.15624032863290335,0.381062704608411
