r2,mse,mae
-1.258757490023192,1054966480.0376736,24942.75789473685
