r2,mse,mae
-0.36761448454082446,68017429217.884766,190599.9789473684
