r2,mse,mae
-0.6266779475046558,0.19089040181901767,0.27118362557010606
