r2,mse,mae
-2.31406243431802,0.10958585399044866,0.297537559148111
