r2,mse,mae
-0.10557637125633623,2975878074.8515234,48805.378947368416
