r2,mse,mae
-0.23961285017384704,0.14772032468739357,0.18547286692516932
