r2,mse,mae
-0.13156493065918484,0.059109609347371736,0.20544722215971736
