r2,mse,mae
-0.0677865020848818,0.019615935456822,0.13156068594019066
