r2,mse,mae
-0.22345337026777456,0.2936288088642659,0.5263157894736843
