r2,mse,mae
-0.029833053321262293,380559349.7795014,13970.021052631579
