r2,mse,mae
-2.0791107053959563,2.971889708553967e+17,466348442.05263156
