r2,mse,mae
-0.031954749059704524,0.018343600557251784,0.11790203554412071
