r2,mse,mae
-1.6335330274372968,0.1145371321189377,0.27111630960911653
