r2,mse,mae
-0.007935133256140148,25802.89750692521,148.18947368421053
