r2,mse,mae
-0.00022273166750053086,684032466.4049861,21843.063157894736
