r2,mse,mae
-5.881354168346675e-05,0.004237953243116757,0.04841976995365841
