r2,mse,mae
-0.011625808021076267,39103015571.78782,167607.71578947367
