r2,mse,mae
-0.006479094667795282,301370522.6132964,16225.589473684211
