r2,mse,mae
-0.014853702331408813,0.01658817719420354,0.10246592113124939
