r2,mse,mae
-2.1983510680309144,23520240075.037678,138332.55789473682
