r2,mse,mae
-1.865809373643367,2815642274.8138514,48350.68421052632
