r2,mse,mae
-0.0032985774215688046,0.1037195474569591,0.25571725662940276
