r2,mse,mae
-0.05913541531425004,0.05532610542173795,0.19998289867464727
