r2,mse,mae
-0.14506280520089088,0.006094212985417744,0.06732104407077939
