r2,mse,mae
-0.005389201628738682,0.12425836242586748,0.3308858042097985
