r2,mse,mae
-0.004478939540063509,0.060016351976010116,0.2300151790231851
