r2,mse,mae
-1.5239172254901772,0.2671972367328111,0.44791352910498344
