r2,mse,mae
-0.00466274845827197,0.07475384752765976,0.23857888869330518
