r2,mse,mae
-0.2950638207718774,0.136068774537588,0.2305971103536697
