r2,mse,mae
-0.6148751768864447,0.1512811995575612,0.2622294722597578
