r2,mse,mae
-0.11191814255701926,0.058083319173308924,0.20415922233973133
