r2,mse,mae
-0.0948989025476199,0.02341963510932523,0.13060536559061298
