r2,mse,mae
-0.3623525462030839,0.1647759267033559,0.24167563689782315
