r2,mse,mae
-0.0508440707639497,0.13135588062655384,0.33232081751277365
