r2,mse,mae
-1.1461557206539021,25827954693.27645,145112.63157894736
