r2,mse,mae
-0.7912726475091703,3669949307.7567863,50686.221052631576
