r2,mse,mae
-0.23914454945143548,0.13019349132793706,0.2200611687111102
