r2,mse,mae
-0.38109423111736906,0.14510775186126917,0.24501434588906
