r2,mse,mae
-0.03224176909134613,0.036016300440557904,0.1714494790702008
