r2,mse,mae
-0.8515211401337608,777702467.7944596,22495.063157894736
