r2,mse,mae
-1.3665733034366552,0.026642219188229666,0.13310955300094612
