r2,mse,mae
-0.05858162567166181,112.46371191135736,8.978947368421052
