r2,mse,mae
-0.001785630239012681,0.06517312042276062,0.24474683732740515
