r2,mse,mae
-0.014039710022078378,0.018025150237241893,0.12582816548644113
