r2,mse,mae
-0.32371319244535557,0.06872189208291202,0.2309123048249123
