r2,mse,mae
-0.004905005665742257,1456033913.9479222,31354.77894736842
