r2,mse,mae
-0.0006572287087764916,1035079.2770083103,937.1052631578947
