count,sum_nano_content,avg_nano_content,variance_nano_content,sum_meta_weight,avg_meta_weight,variance_meta_weight,soil_type,log_of_diff_length,normalized_value
4,10.5,2.625,1.0608333333333337,4.357819568703235,1.0894548921758087,0.3112253516470315,soil_alone,-0.8794034238149837,1.0
4,36.6,9.15,0.4966666666666674,1.6731867286239148,0.4182966821559787,0.037329349747273165,soil_nanoplatic,-3.0853182115861273,3.508421877869835
4,3.98,0.995,0.005166666666666676,2.155654237191404,0.538913559297851,0.053152521577002045,soil_biochar,-0.6131875514708198,0.6972767388267838
4,18.63,4.6575,1.2631583333333334,2.4065505725605627,0.6016376431401407,0.08131774090528264,soil_biochar_nanoplastic,-2.0465787600886305,2.3272353787414946
4,4.35,1.0875,0.5772916666666666,3.452288445800037,0.8630721114500093,0.14330664959275533,soil_Fe-biochar,-0.23113851633202365,0.26283558839162824
4,14.350000000000001,3.5875000000000004,6.222291666666666,5.159907340362698,1.2899768350906744,0.20265662952815036,soil_Fe-biochar_nanoplastic,-1.0228313201674437,1.1630968136674387
