r2,mse,mae
-2.1483249637792197,0.16039906914316066,0.352086127020592
