r2,mse,mae
-0.017772767872382467,0.005416754426045875,0.05648502239353455
