r2,mse,mae
-0.813688790344886,0.013327421638834613,0.1089197990837335
