r2,mse,mae
-0.10461626816719982,5127053.609418282,2062.7263157894736
