r2,mse,mae
-0.42016373090165127,1841471420173.2954,949122.4210526316
