r2,mse,mae
-0.8946717008673561,8811046.909141272,2039.7578947368415
