r2,mse,mae
-0.028667691331660805,0.061085116295305344,0.23430632288551584
