r2,mse,mae
-0.19897868640940608,0.14287809361190726,0.18410060371819176
