r2,mse,mae
-0.17099992107013562,7160.711357340721,56.54736842105264
