r2,mse,mae
-0.04209375473590393,0.025248661095436848,0.10383323406432335
