r2,mse,mae
-0.34666307160947674,0.0843195506538916,0.17284940794456
