r2,mse,mae
-0.05954506473465959,0.07883747092186416,0.22899166097804263
