r2,mse,mae
-0.5361706521376362,0.06797283218788107,0.20386680988184747
