r2,mse,mae
-0.19418694537236503,0.06508148558117222,0.2305022319853614
