r2,mse,mae
-0.18243780191700387,3372798.5457063713,1588.915789473684
