r2,mse,mae
-0.5221489188885462,622847.8725761772,761.978947368421
