r2,mse,mae
-0.4260870019840426,0.02975368811183115,0.1468805537555284
