r2,mse,mae
-1.2560147635954335,0.016577739322166017,0.12016686857066494
