r2,mse,mae
-0.8442670732723805,22194869623.098614,135124.4947368421
