r2,mse,mae
-0.5442361198645906,1686547078496.4683,792784.8105263158
