r2,mse,mae
-0.026666521081229355,0.045029923435939534,0.19284829011494403
