r2,mse,mae
-0.14841524301455866,2944408.7955678664,1508.6526315789474
