r2,mse,mae
-0.12989591600288142,462341.9290858725,622.9684210526315
