,feature,importances,std_dev
0,Glucose/Galactose,0.9826005070357929,0.5956281013981132
1,Ribitol/Xylitol,-0.044754000546773996,0.04677751734258829
2,Sucrose,0.07158566326872629,0.04779427130679318
