r2,mse,mae
-0.6564643024393924,0.021090846404955434,0.14034406885090653
