r2,mse,mae
-0.5657432224425556,0.18373972139719288,0.2576623339867949
