r2,mse,mae
-0.43965557596978755,0.16570771252329014,0.38661472456505075
