r2,mse,mae
-1.5473673247507467,0.06290940878770727,0.19967512704441148
