r2,mse,mae
-2.6717052683251437,44187211768.80499,182232.38947368422
