r2,mse,mae
-0.16451379695914836,14620131.614404434,3322.294736842106
