r2,mse,mae
-0.007205135638921778,11732445.379501384,2543.536842105263
