r2,mse,mae
-0.9750836401341918,14524497278.79169,112852.07368421051
