r2,mse,mae
-0.0003065044811640938,369648256.7711911,14701.38947368421
