r2,mse,mae
-0.05367651974086152,0.009889894477226697,0.08813933292379499
