r2,mse,mae
-0.2669224026445116,90550925050.00275,177866.7894736842
