r2,mse,mae
-0.008056025033242209,0.034361795788317606,0.15585708343746496
