r2,mse,mae
-0.8185774659359444,0.21077109645275152,0.4386913042337069
