r2,mse,mae
-0.4091352888650581,25490282591.35236,116793.86315789474
