r2,mse,mae
-0.27398182137138893,1391387166283.8271,709684.652631579
