r2,mse,mae
-0.02858039658090905,307988326.1457064,15919.084210526315
