r2,mse,mae
-0.025689907813968738,7328163.398337948,2294.4842105263156
