r2,mse,mae
-0.3009744729671915,0.0814588186796204,0.1708391019206112
