r2,mse,mae
-0.31941764383955773,26830596.654847644,3586.842105263158
