r2,mse,mae
-0.8412343229678223,0.126753279964669,0.2792394237287108
