avg_nano_content,avg_Xanthine_weight,soil_type,log_of_diff_length,normalized_value
2.625,317.8962273489685,soil_alone,4.796644104388371,1.0
9.15,206.18409586922476,soil_nanoplatic,3.1150155596856006,0.6494156105589998
0.995,197.48289440448224,soil_biochar,5.290664511803588,1.1029929251918535
4.6575,154.9242641430405,soil_biochar_nanoplastic,3.5044575555807578,0.730606123638522
1.0875,264.0411580825628,soil_Fe-biochar,5.492223508842077,1.1450137615624498
3.5875000000000004,332.42659183727653,soil_Fe-biochar_nanoplastic,4.528963478206222,0.9441941865277742
