r2,mse,mae
-0.8440792805885238,1217351451.5207753,31741.58947368421
