,feature,importances,std_dev
0,benzoic acid,0.005103615927439043,0.030301973100077945
1,Caffeic acid,-0.0092372852310447,0.020463740138397447
2,Citric acid,0.724049525063929,0.35691048982453755
3,lactic acid,0.03345244814238253,0.023953311324951293
