r2,mse,mae
-0.6421517315530965,81671363113.29807,193369.48421052634
