r2,mse,mae
-1.8374198335515817,0.144559251445154,0.3371615642923209
