r2,mse,mae
-0.0038625110456624867,0.005836458913154487,0.062149737004609885
