r2,mse,mae
-0.44310188249735694,0.0463230660144074,0.1905736415519402
