r2,mse,mae
-0.6546162642569175,0.19045018880238027,0.4163382706062775
