r2,mse,mae
-0.10208538984234128,0.03756699247524672,0.160602482733285
