r2,mse,mae
-0.6170301356081913,0.11131873381530144,0.2607159850527488
