r2,mse,mae
-0.17954195185154864,2173806534.1462607,39001.073684210525
