r2,mse,mae
-0.0380504148764802,944829703.0548477,28174.042105263157
