r2,mse,mae
-0.0786178080664881,0.08865707617281016,0.2117108525653252
