r2,mse,mae
-0.34945040384625337,0.11768932154438438,0.2904075016016619
