r2,mse,mae
-1.34663557747399,0.07759602266357898,0.2581767415531956
