r2,mse,mae
-0.08428637071672629,0.0015645871363858005,0.02914048376180895
