r2,mse,mae
-2.1265179316349374,0.05110414765366715,0.18643701344535574
