r2,mse,mae
-0.005939054714126701,59859762.83656509,5927.663157894736
