r2,mse,mae
-0.003764271179419687,0.12405753353655655,0.33003802281368816
