r2,mse,mae
-0.0006997662622789669,0.12269658513747941,0.273231709621854
