r2,mse,mae
-0.521176234232636,0.05218986255197248,0.18660320752620466
