r2,mse,mae
-1.7460541838979808,0.015965565245505534,0.1120854166251668
