r2,mse,mae
-0.24015453393961672,0.0185852326865281,0.09816442171070427
