r2,mse,mae
-0.1073628126555799,17656084128.698616,111632.09473684212
