r2,mse,mae
-4.147599513343118,75423153.12465373,7795.57894736842
