r2,mse,mae
0.19922849076197247,0.03557206605422782,0.15916087551205094
