r2,mse,mae
-0.06187009515131625,0.0461826580925198,0.20078759387019965
