r2,mse,mae
-0.0443399148344672,0.0858396020234056,0.2114418221789453
