r2,mse,mae
-0.8349036657315878,0.023362816406513276,0.14735170966753622
