r2,mse,mae
-0.1260128970319938,0.13418301587340875,0.20235506026338043
