r2,mse,mae
-0.21280898109533863,0.011383524847849543,0.07977657322414275
