r2,mse,mae
-0.4212687305116456,6367.0565096952905,52.36842105263158
