r2,mse,mae
-18.164664970768364,0.3800357801543498,0.6001714383679067
