r2,mse,mae
-0.04242995514765213,0.03553350642512899,0.15641060738391058
